Metric,Alg1,Alg2,p-value
mean,2SGA,TA-MA,4.76837158203125e-05
mean,2SGA,JCGA,0.06372261047363281
mean,TA-MA,JCGA,1.9073486328125e-06
