Metric,Alg1,Alg2,p-value
min,2SGA,TA-MA,8.20159912109375e-05
min,2SGA,JCGA,0.06372261047363281
min,TA-MA,JCGA,1.9073486328125e-06
