Metric,Alg1,Alg2,p-value
median,2SGA,TA-MA,2.6702880859375e-05
median,2SGA,JCGA,0.06372261047363281
median,TA-MA,JCGA,1.9073486328125e-06
